link1	link2	value
1	1	0
1.0	2.0	0.1475313946980609
1.0	3.0	0.0999697685769382
1.0	4.0	0.0
1.0	5.0	0.43230229321446373
1.0	6.0	0.19869054527300967
1.0	7.0	0.14966853987188247
1.0	8.0	0.16735590815235638
1.0	9.0	0.09765758751414047
1.0	10.0	0.15066882437768134
1.0	11.0	0.4155142350716822
1.0	12.0	0.1738078405408283
1.0	13.0	0.15656848308084323
1.0	14.0	0.17971942784361142
1.0	15.0	0.6097677191763099
1.0	16.0	0.06155469908071179
1.0	17.0	0.14653934664571452
1.0	18.0	0.04386166901843634
1.0	19.0	0.3929065918349415
1.0	20.0	0.1268833183798779
1.0	21.0	0.6463529579451412
1.0	22.0	0.08214906397879992
1.0	23.0	0.21267880820645418
1.0	24.0	0.04829820865323873
1.0	25.0	0.1561533978818981
1.0	26.0	0.16305055850107472
1.0	27.0	0.18701058707307577
1.0	28.0	0.3887600278224166
1.0	29.0	0.02402304828765749
1.0	30.0	0.6734412034352372
1.0	31.0	0.11905464237570455
1.0	32.0	0.19276458452570866
1.0	33.0	0.00817375125265355
1.0	34.0	0.5495811235981667
1.0	35.0	0.722056965445226
1.0	36.0	0.12100300572389537
1.0	37.0	0.6174045239711362
1.0	38.0	0.14709458464745542
1.0	39.0	0.21587220964685502
1.0	40.0	0.2297340200101575
1.0	41.0	0.7364089216430176
1.0	42.0	0.6119646047746848
1.0	43.0	0.10788309987231912
1.0	44.0	0.5160975693656203
1.0	45.0	0.17999951668581093
1.0	46.0	0.1566583070877894
1.0	47.0	0.11498603758303706
1.0	48.0	0.16579310595844013
1.0	49.0	0.07451481553479636
1.0	50.0	0.07004127385502038
2.0	1.0	0.1475313946980609
2	2	0
2.0	3.0	0.09428604470061534
2.0	4.0	0.0
2.0	5.0	0.1518269015410644
2.0	6.0	0.3070062215415723
2.0	7.0	0.1274686492064154
2.0	8.0	0.13835980495105216
2.0	9.0	0.08862534991148592
2.0	10.0	0.10665181014613924
2.0	11.0	0.08240888584498612
2.0	12.0	0.1330266868510824
2.0	13.0	0.08793381950680107
2.0	14.0	0.11667013427826553
2.0	15.0	0.13244679918509664
2.0	16.0	0.014279301823455224
2.0	17.0	0.10950244940884246
2.0	18.0	0.01953449385185974
2.0	19.0	0.14485759977677368
2.0	20.0	0.16571943722407032
2.0	21.0	0.08396733340207439
2.0	22.0	0.05527705473034466
2.0	23.0	0.21040506629967567
2.0	24.0	0.017612091325734762
2.0	25.0	0.15646124678745277
2.0	26.0	0.15323652021906267
2.0	27.0	0.15317826419672692
2.0	28.0	0.1116501524961018
2.0	29.0	0.05311548042310352
2.0	30.0	0.10914786005756313
2.0	31.0	0.052078272780621014
2.0	32.0	0.31122920345941907
2.0	33.0	0.007305618759236401
2.0	34.0	0.10317722136324924
2.0	35.0	0.09943543240512988
2.0	36.0	0.10131852822103064
2.0	37.0	0.18144236854774
2.0	38.0	0.10052177018435982
2.0	39.0	0.13639306678888463
2.0	40.0	0.16821401696345117
2.0	41.0	0.10064852718207154
2.0	42.0	0.12300304955842388
2.0	43.0	0.08686132781576776
2.0	44.0	0.2009223742629641
2.0	45.0	0.124593590653448
2.0	46.0	0.16522530013950654
2.0	47.0	0.09179084074361984
2.0	48.0	0.18842331328567516
2.0	49.0	0.12141294475634642
2.0	50.0	0.0831400051985526
3.0	1.0	0.0999697685769382
3.0	2.0	0.09428604470061534
3	3	0
3.0	4.0	0.0
3.0	5.0	0.10200130822158075
3.0	6.0	0.11124323203371517
3.0	7.0	0.09330294874125863
3.0	8.0	0.09998659794352074
3.0	9.0	0.06899053025378966
3.0	10.0	0.06598432515138425
3.0	11.0	0.0711031921362137
3.0	12.0	0.0972167157632752
3.0	13.0	0.07849905363048988
3.0	14.0	0.07941444751518625
3.0	15.0	0.10037239074103825
3.0	16.0	0.024215625939205766
3.0	17.0	0.08718955068644603
3.0	18.0	0.03246580282887839
3.0	19.0	0.09248057412604986
3.0	20.0	0.13835985737722353
3.0	21.0	0.08213383372073893
3.0	22.0	0.055450187242612636
3.0	23.0	0.1292960495657883
3.0	24.0	0.027816697109400736
3.0	25.0	0.15098022151071985
3.0	26.0	0.13700295166030937
3.0	27.0	0.14765585749818103
3.0	28.0	0.08238300356420922
3.0	29.0	0.017835378421615124
3.0	30.0	0.09890029300389787
3.0	31.0	0.15468956690718533
3.0	32.0	0.09590509149760276
3.0	33.0	0.0027460579647965804
3.0	34.0	0.08670884735460763
3.0	35.0	0.09826135823568517
3.0	36.0	0.08077840334385673
3.0	37.0	0.1125729391453536
3.0	38.0	0.07491151150245133
3.0	39.0	0.10205803907180419
3.0	40.0	0.11941817894135281
3.0	41.0	0.09583023282692117
3.0	42.0	0.09451365059474987
3.0	43.0	0.07132882700292209
3.0	44.0	0.13491428264653468
3.0	45.0	0.09342753628047809
3.0	46.0	0.18391102081165414
3.0	47.0	0.0632420331694025
3.0	48.0	0.1490815306686628
3.0	49.0	0.05380031856961202
3.0	50.0	0.16928591925212177
4.0	1.0	0.0
4.0	2.0	0.0
4.0	3.0	0.0
4	4	0
4.0	5.0	0.0
4.0	6.0	0.0
4.0	7.0	0.0
4.0	8.0	0.0
4.0	9.0	0.0
4.0	10.0	0.0
4.0	11.0	0.0
4.0	12.0	0.0
4.0	13.0	0.0
4.0	14.0	0.0
4.0	15.0	0.0
4.0	16.0	0.0
4.0	17.0	0.0
4.0	18.0	0.0
4.0	19.0	0.0
4.0	20.0	0.0
4.0	21.0	0.0
4.0	22.0	0.0
4.0	23.0	0.0
4.0	24.0	0.0
4.0	25.0	0.0
4.0	26.0	0.0
4.0	27.0	0.0
4.0	28.0	0.0
4.0	29.0	0.0
4.0	30.0	0.0
4.0	31.0	0.0
4.0	32.0	0.0
4.0	33.0	0.0
4.0	34.0	0.0
4.0	35.0	0.0
4.0	36.0	0.0
4.0	37.0	0.0
4.0	38.0	0.0
4.0	39.0	0.0
4.0	40.0	0.0
4.0	41.0	0.0
4.0	42.0	0.0
4.0	43.0	0.0
4.0	44.0	0.0
4.0	45.0	0.0
4.0	46.0	0.0
4.0	47.0	0.0
4.0	48.0	0.0
4.0	49.0	0.0
4.0	50.0	0.0
5.0	1.0	0.43230229321446373
5.0	2.0	0.1518269015410644
5.0	3.0	0.10200130822158075
5.0	4.0	0.0
5	5	0
5.0	6.0	0.25036600809447745
5.0	7.0	0.23696173638541876
5.0	8.0	0.19888792849139075
5.0	9.0	0.12388233171820374
5.0	10.0	0.246769565769259
5.0	11.0	0.29577958163270135
5.0	12.0	0.18881222805724396
5.0	13.0	0.17425250300651624
5.0	14.0	0.3003381861648857
5.0	15.0	0.43108971868389234
5.0	16.0	0.03884111079936059
5.0	17.0	0.22262201509575164
5.0	18.0	0.048499215006011245
5.0	19.0	0.5378590791899388
5.0	20.0	0.1549995850409181
5.0	21.0	0.35713654558928487
5.0	22.0	0.10509970278737378
5.0	23.0	0.2306672306313301
5.0	24.0	0.04651490349671132
5.0	25.0	0.19911001983427912
5.0	26.0	0.2159604750933939
5.0	27.0	0.19937955488861223
5.0	28.0	0.3823182051420573
5.0	29.0	0.04907150875005352
5.0	30.0	0.43926074453003155
5.0	31.0	0.10939324391832624
5.0	32.0	0.24122338161957915
5.0	33.0	0.0514016291633134
5.0	34.0	0.35610693395228654
5.0	35.0	0.4097434795263839
5.0	36.0	0.17074876082122067
5.0	37.0	0.44364561560450194
5.0	38.0	0.183522262346128
5.0	39.0	0.23182569264072878
5.0	40.0	0.2959129152992791
5.0	41.0	0.4488742992155517
5.0	42.0	0.48282004449122506
5.0	43.0	0.12144091045510189
5.0	44.0	0.4156364085344237
5.0	45.0	0.23948267245747157
5.0	46.0	0.18770414574886315
5.0	47.0	0.15368746371001585
5.0	48.0	0.2175167635104665
5.0	49.0	0.10341493966800686
5.0	50.0	0.07853037754100023
6.0	1.0	0.19869054527300967
6.0	2.0	0.3070062215415723
6.0	3.0	0.11124323203371517
6.0	4.0	0.0
6.0	5.0	0.25036600809447745
6	6	0
6.0	7.0	0.18185148489918088
6.0	8.0	0.21648268374039303
6.0	9.0	0.12138765177218272
6.0	10.0	0.15647303135533064
6.0	11.0	0.1455737965334486
6.0	12.0	0.1643110390894388
6.0	13.0	0.16101374742402735
6.0	14.0	0.19530260289004864
6.0	15.0	0.21998451124793145
6.0	16.0	0.03179837378662368
6.0	17.0	0.17532840597935728
6.0	18.0	0.030900707884821434
6.0	19.0	0.23183925580014983
6.0	20.0	0.18557170965804362
6.0	21.0	0.13443593059888673
6.0	22.0	0.07958116633061993
6.0	23.0	0.21102934251426791
6.0	24.0	0.027841399779603704
6.0	25.0	0.23138055411895322
6.0	26.0	0.20203200591545348
6.0	27.0	0.18900147370508963
6.0	28.0	0.17888139964440386
6.0	29.0	0.03986572803849192
6.0	30.0	0.18453347537678724
6.0	31.0	0.07346588117224612
6.0	32.0	0.3198080218417963
6.0	33.0	0.0
6.0	34.0	0.1729271711864328
6.0	35.0	0.15246291207344048
6.0	36.0	0.16543522066651437
6.0	37.0	0.2340787309128733
6.0	38.0	0.1605432618321428
6.0	39.0	0.20195061991693503
6.0	40.0	0.3131112345651086
6.0	41.0	0.16704227233397662
6.0	42.0	0.20465334868434432
6.0	43.0	0.13082877479221958
6.0	44.0	0.25279606568705837
6.0	45.0	0.16060448981487932
6.0	46.0	0.18273752534432017
6.0	47.0	0.1264221230563946
6.0	48.0	0.2369231160892703
6.0	49.0	0.16600529941233605
6.0	50.0	0.09445301288211641
7.0	1.0	0.14966853987188247
7.0	2.0	0.1274686492064154
7.0	3.0	0.09330294874125863
7.0	4.0	0.0
7.0	5.0	0.23696173638541876
7.0	6.0	0.18185148489918088
7	7	0
7.0	8.0	0.19825370427756456
7.0	9.0	0.12128617252133275
7.0	10.0	0.14563498758177018
7.0	11.0	0.14458210900694285
7.0	12.0	0.12670203230124094
7.0	13.0	0.15401031387622757
7.0	14.0	0.1991336510214705
7.0	15.0	0.19158244996143725
7.0	16.0	0.03006350676824282
7.0	17.0	0.1603974325387951
7.0	18.0	0.027110917508270355
7.0	19.0	0.2182463301589104
7.0	20.0	0.14929684377971103
7.0	21.0	0.132796350004343
7.0	22.0	0.06566125717153452
7.0	23.0	0.16124277336422582
7.0	24.0	0.030192130086589344
7.0	25.0	0.1882185804046363
7.0	26.0	0.18279494692812234
7.0	27.0	0.1414553702470189
7.0	28.0	0.17153175443090457
7.0	29.0	0.04420272295985018
7.0	30.0	0.15382080616440652
7.0	31.0	0.06755559093943451
7.0	32.0	0.19233069513118242
7.0	33.0	0.01213325590688022
7.0	34.0	0.15006208977237517
7.0	35.0	0.13082850228344214
7.0	36.0	0.12328783520025545
7.0	37.0	0.21683766485285022
7.0	38.0	0.11397226753143062
7.0	39.0	0.19283265027489147
7.0	40.0	0.22204847324267032
7.0	41.0	0.14408028805462375
7.0	42.0	0.18113131826595383
7.0	43.0	0.12260963340911953
7.0	44.0	0.2417451376789659
7.0	45.0	0.1566004795528701
7.0	46.0	0.15621176510353574
7.0	47.0	0.13854362209792506
7.0	48.0	0.22315900558341364
7.0	49.0	0.08600112854459718
7.0	50.0	0.07363544130708573
8.0	1.0	0.16735590815235638
8.0	2.0	0.13835980495105216
8.0	3.0	0.09998659794352074
8.0	4.0	0.0
8.0	5.0	0.19888792849139075
8.0	6.0	0.21648268374039303
8.0	7.0	0.19825370427756456
8	8	0
8.0	9.0	0.1103608610375277
8.0	10.0	0.20581603674068022
8.0	11.0	0.13741069259216623
8.0	12.0	0.13584538954343156
8.0	13.0	0.14217898200406295
8.0	14.0	0.2310946938302374
8.0	15.0	0.20959197002431754
8.0	16.0	0.029054450554231392
8.0	17.0	0.31265746923518584
8.0	18.0	0.0388016745165074
8.0	19.0	0.2153979268886018
8.0	20.0	0.13226168040231703
8.0	21.0	0.13021530525578925
8.0	22.0	0.06159061877531248
8.0	23.0	0.1826913886712262
8.0	24.0	0.039111197505827144
8.0	25.0	0.18229304501805285
8.0	26.0	0.18570882349084714
8.0	27.0	0.16607947973611345
8.0	28.0	0.1491518242623628
8.0	29.0	0.024275257857908544
8.0	30.0	0.15242123259235696
8.0	31.0	0.0799050919365184
8.0	32.0	0.20262837293362282
8.0	33.0	0.022700046970313987
8.0	34.0	0.1389058510031739
8.0	35.0	0.12953001423102875
8.0	36.0	0.13624742209133794
8.0	37.0	0.1857251847988013
8.0	38.0	0.15860814579683835
8.0	39.0	0.44045380950162494
8.0	40.0	0.43304095842284407
8.0	41.0	0.14141148234379852
8.0	42.0	0.1884877893855139
8.0	43.0	0.4497968574888795
8.0	44.0	0.28110155147394245
8.0	45.0	0.31641159816610775
8.0	46.0	0.1722082122428408
8.0	47.0	0.13025343513961946
8.0	48.0	0.21484089405013565
8.0	49.0	0.08327789028145235
8.0	50.0	0.07399369873607049
9.0	1.0	0.09765758751414047
9.0	2.0	0.08862534991148592
9.0	3.0	0.06899053025378966
9.0	4.0	0.0
9.0	5.0	0.12388233171820374
9.0	6.0	0.12138765177218272
9.0	7.0	0.12128617252133275
9.0	8.0	0.1103608610375277
9	9	0
9.0	10.0	0.0974208298232313
9.0	11.0	0.06992349499513364
9.0	12.0	0.07579368505101836
9.0	13.0	0.13632645917103042
9.0	14.0	0.11605104930282649
9.0	15.0	0.10148321852394523
9.0	16.0	0.018037442243466217
9.0	17.0	0.10008677142905661
9.0	18.0	0.021283967877895
9.0	19.0	0.10939233209515033
9.0	20.0	0.09670680626607064
9.0	21.0	0.060351059831172095
9.0	22.0	0.03809844441032414
9.0	23.0	0.10000376856811644
9.0	24.0	0.02196624815845815
9.0	25.0	0.07962580155635511
9.0	26.0	0.1267682733047617
9.0	27.0	0.09044225332043739
9.0	28.0	0.09020320886104469
9.0	29.0	0.023936387513364608
9.0	30.0	0.08230000396734966
9.0	31.0	0.04169290183235824
9.0	32.0	0.14275737046584885
9.0	33.0	0.0115071852957214
9.0	34.0	0.08362309294654037
9.0	35.0	0.0679105717786852
9.0	36.0	0.06154278808978826
9.0	37.0	0.10710036730043711
9.0	38.0	0.07709267354354092
9.0	39.0	0.12077525749764986
9.0	40.0	0.12242103008035861
9.0	41.0	0.07820586655231083
9.0	42.0	0.09118093391055401
9.0	43.0	0.05436856103415146
9.0	44.0	0.13011568285477484
9.0	45.0	0.0846514842435358
9.0	46.0	0.09082134279923888
9.0	47.0	0.048718660699401985
9.0	48.0	0.15221488985307824
9.0	49.0	0.06971870438696207
9.0	50.0	0.03814098545047475
10.0	1.0	0.15066882437768134
10.0	2.0	0.10665181014613924
10.0	3.0	0.06598432515138425
10.0	4.0	0.0
10.0	5.0	0.246769565769259
10.0	6.0	0.15647303135533064
10.0	7.0	0.14563498758177018
10.0	8.0	0.20581603674068022
10.0	9.0	0.0974208298232313
10	10	0
10.0	11.0	0.1381836525625609
10.0	12.0	0.1251304870094772
10.0	13.0	0.12448124539151326
10.0	14.0	0.3458006212670334
10.0	15.0	0.2305868434176583
10.0	16.0	0.05022510268251182
10.0	17.0	0.2059517220377552
10.0	18.0	0.04423469765563752
10.0	19.0	0.20825566209928079
10.0	20.0	0.09835218832947887
10.0	21.0	0.10299244955038017
10.0	22.0	0.0690574683407206
10.0	23.0	0.13762632037992875
10.0	24.0	0.055614318164001156
10.0	25.0	0.11840251955600739
10.0	26.0	0.13574548559634828
10.0	27.0	0.11279660865547943
10.0	28.0	0.1378428423933867
10.0	29.0	0.029601747448044405
10.0	30.0	0.16321435717537403
10.0	31.0	0.07199057958547278
10.0	32.0	0.17717037834468224
10.0	33.0	0.004962819787416641
10.0	34.0	0.1272693973957145
10.0	35.0	0.10841617787651134
10.0	36.0	0.10202909040627214
10.0	37.0	0.19639301349790994
10.0	38.0	0.11115185329129496
10.0	39.0	0.22018704593571473
10.0	40.0	0.264880041081948
10.0	41.0	0.12822557644534385
10.0	42.0	0.17632379869831408
10.0	43.0	0.16198327025034095
10.0	44.0	0.1933909335815828
10.0	45.0	0.46350186913262725
10.0	46.0	0.13123383140111633
10.0	47.0	0.0957085289327689
10.0	48.0	0.1705028136189654
10.0	49.0	0.08683248245376651
10.0	50.0	0.045963282686766825
11.0	1.0	0.4155142350716822
11.0	2.0	0.08240888584498612
11.0	3.0	0.0711031921362137
11.0	4.0	0.0
11.0	5.0	0.29577958163270135
11.0	6.0	0.1455737965334486
11.0	7.0	0.14458210900694285
11.0	8.0	0.13741069259216623
11.0	9.0	0.06992349499513364
11.0	10.0	0.1381836525625609
11	11	0
11.0	12.0	0.13481187021411933
11.0	13.0	0.11409349956002313
11.0	14.0	0.1718007014202637
11.0	15.0	0.3843501167702016
11.0	16.0	0.02919995818632613
11.0	17.0	0.13168506488658688
11.0	18.0	0.045722859826677203
11.0	19.0	0.2819540521946147
11.0	20.0	0.10415797024992379
11.0	21.0	0.519873520023606
11.0	22.0	0.07089681891917955
11.0	23.0	0.15061108301772258
11.0	24.0	0.04381997953384915
11.0	25.0	0.11324608151705945
11.0	26.0	0.12600181152028603
11.0	27.0	0.13795047501254734
11.0	28.0	0.2568483746640244
11.0	29.0	0.02205337439404664
11.0	30.0	0.4008163335788483
11.0	31.0	0.07744556230877175
11.0	32.0	0.15775426207153165
11.0	33.0	0.0044229444701092465
11.0	34.0	0.4589324761512196
11.0	35.0	0.4117215041512876
11.0	36.0	0.10707148367545778
11.0	37.0	0.3744648601577335
11.0	38.0	0.12436817988628254
11.0	39.0	0.17136390597265996
11.0	40.0	0.16662315079861373
11.0	41.0	0.4485929535212994
11.0	42.0	0.38022589701469206
11.0	43.0	0.0808944849888228
11.0	44.0	0.45303368553890516
11.0	45.0	0.13386426293191067
11.0	46.0	0.11767500671416965
11.0	47.0	0.12286690917444437
11.0	48.0	0.12371958895641418
11.0	49.0	0.07057622276109317
11.0	50.0	0.04963439529707782
12.0	1.0	0.1738078405408283
12.0	2.0	0.1330266868510824
12.0	3.0	0.0972167157632752
12.0	4.0	0.0
12.0	5.0	0.18881222805724396
12.0	6.0	0.1643110390894388
12.0	7.0	0.12670203230124094
12.0	8.0	0.13584538954343156
12.0	9.0	0.07579368505101836
12.0	10.0	0.1251304870094772
12.0	11.0	0.13481187021411933
12	12	0
12.0	13.0	0.11482928303858322
12.0	14.0	0.14379704580964597
12.0	15.0	0.20328785646648848
12.0	16.0	0.09259867388660378
12.0	17.0	0.12238796142359115
12.0	18.0	0.0818543451612421
12.0	19.0	0.19865187022169528
12.0	20.0	0.12804471543249044
12.0	21.0	0.15305917968507338
12.0	22.0	0.13126541586775303
12.0	23.0	0.20674668127739568
12.0	24.0	0.12116558888917715
12.0	25.0	0.18990377688660637
12.0	26.0	0.16517825803323388
12.0	27.0	0.1811902425770455
12.0	28.0	0.13717647439951478
12.0	29.0	0.04862396762120589
12.0	30.0	0.16273941333434366
12.0	31.0	0.097058425749783
12.0	32.0	0.14943613503590786
12.0	33.0	0.019041957886682243
12.0	34.0	0.15072207512624017
12.0	35.0	0.14535517123315456
12.0	36.0	0.17021997944165723
12.0	37.0	0.17626261492952439
12.0	38.0	0.1641285442210706
12.0	39.0	0.15962871229695635
12.0	40.0	0.1951899285193365
12.0	41.0	0.15947525340307409
12.0	42.0	0.20509636541131038
12.0	43.0	0.09112157411373804
12.0	44.0	0.23383725338901007
12.0	45.0	0.15246050239227865
12.0	46.0	0.18523963191807938
12.0	47.0	0.10797268196535097
12.0	48.0	0.16374615281925758
12.0	49.0	0.08077009130594466
12.0	50.0	0.06660135118760419
13.0	1.0	0.15656848308084323
13.0	2.0	0.08793381950680107
13.0	3.0	0.07849905363048988
13.0	4.0	0.0
13.0	5.0	0.17425250300651624
13.0	6.0	0.16101374742402735
13.0	7.0	0.15401031387622757
13.0	8.0	0.14217898200406295
13.0	9.0	0.13632645917103042
13.0	10.0	0.12448124539151326
13.0	11.0	0.11409349956002313
13.0	12.0	0.11482928303858322
13	13	0
13.0	14.0	0.15781353041610666
13.0	15.0	0.16559246468591618
13.0	16.0	0.0347050680063954
13.0	17.0	0.11118362556184348
13.0	18.0	0.03661487283925876
13.0	19.0	0.16135631318377966
13.0	20.0	0.130430063078961
13.0	21.0	0.126886858922585
13.0	22.0	0.05518775514765654
13.0	23.0	0.1354435574963698
13.0	24.0	0.047777930565984554
13.0	25.0	0.14757486553150667
13.0	26.0	0.20471841142386907
13.0	27.0	0.12198065671681421
13.0	28.0	0.12221659688788548
13.0	29.0	0.013913523687964398
13.0	30.0	0.15478824533699095
13.0	31.0	0.07011221774398456
13.0	32.0	0.1913576209992216
13.0	33.0	0.022310085149415952
13.0	34.0	0.13513777303990923
13.0	35.0	0.12555849736799812
13.0	36.0	0.07886507497278986
13.0	37.0	0.16188814646839045
13.0	38.0	0.11096748005925537
13.0	39.0	0.14577099641924987
13.0	40.0	0.1964160196216878
13.0	41.0	0.13451508264568254
13.0	42.0	0.15698194360544704
13.0	43.0	0.09498350312938997
13.0	44.0	0.18312430591588938
13.0	45.0	0.129380514491932
13.0	46.0	0.14696237286236263
13.0	47.0	0.08416690853537771
13.0	48.0	0.19198863429032784
13.0	49.0	0.10125892576491842
13.0	50.0	0.11035024050013358
14.0	1.0	0.17971942784361142
14.0	2.0	0.11667013427826553
14.0	3.0	0.07941444751518625
14.0	4.0	0.0
14.0	5.0	0.3003381861648857
14.0	6.0	0.19530260289004864
14.0	7.0	0.1991336510214705
14.0	8.0	0.2310946938302374
14.0	9.0	0.11605104930282649
14.0	10.0	0.3458006212670334
14.0	11.0	0.1718007014202637
14.0	12.0	0.14379704580964597
14.0	13.0	0.15781353041610666
14	14	0
14.0	15.0	0.21075109487652205
14.0	16.0	0.05878466659882582
14.0	17.0	0.2552403202999721
14.0	18.0	0.0632849515777481
14.0	19.0	0.26788316061230844
14.0	20.0	0.12770342134129656
14.0	21.0	0.15780739770129615
14.0	22.0	0.0902923746702833
14.0	23.0	0.1552703636820755
14.0	24.0	0.0736884640556487
14.0	25.0	0.15430995195335917
14.0	26.0	0.16882199188814634
14.0	27.0	0.1288000699251661
14.0	28.0	0.1704643390222309
14.0	29.0	0.03010560636428693
14.0	30.0	0.19859309689332713
14.0	31.0	0.07890782943546185
14.0	32.0	0.2580698168948363
14.0	33.0	0.005566003522779462
14.0	34.0	0.1894399428439511
14.0	35.0	0.14124307350697107
14.0	36.0	0.12323837878488744
14.0	37.0	0.24204159534125586
14.0	38.0	0.13144630514778252
14.0	39.0	0.2712370478759781
14.0	40.0	0.2666041326886128
14.0	41.0	0.17081097579385932
14.0	42.0	0.22402848036172615
14.0	43.0	0.1560764755331364
14.0	44.0	0.2535910526349383
14.0	45.0	0.23201448194906166
14.0	46.0	0.16322385814975301
14.0	47.0	0.12412681350167773
14.0	48.0	0.19587749241180652
14.0	49.0	0.10078710414806172
14.0	50.0	0.04328316790375273
15.0	1.0	0.6097677191763099
15.0	2.0	0.13244679918509664
15.0	3.0	0.10037239074103825
15.0	4.0	0.0
15.0	5.0	0.43108971868389234
15.0	6.0	0.21998451124793145
15.0	7.0	0.19158244996143725
15.0	8.0	0.20959197002431754
15.0	9.0	0.10148321852394523
15.0	10.0	0.2305868434176583
15.0	11.0	0.3843501167702016
15.0	12.0	0.20328785646648848
15.0	13.0	0.16559246468591618
15.0	14.0	0.21075109487652205
15	15	0
15.0	16.0	0.05556121127320673
15.0	17.0	0.1736325370314588
15.0	18.0	0.05387106264721051
15.0	19.0	0.42296804178056163
15.0	20.0	0.14193156134305587
15.0	21.0	0.5427863905465191
15.0	22.0	0.08351745052804119
15.0	23.0	0.23412178784429571
15.0	24.0	0.057936880484177014
15.0	25.0	0.177305923731572
15.0	26.0	0.17099615539663937
15.0	27.0	0.21312269234634185
15.0	28.0	0.3733655522427621
15.0	29.0	0.03736109142277128
15.0	30.0	0.5977307321956647
15.0	31.0	0.12693399742065004
15.0	32.0	0.21290303930073906
15.0	33.0	0.020056508535538815
15.0	34.0	0.48174160699503626
15.0	35.0	0.6272939139698261
15.0	36.0	0.15267760709244105
15.0	37.0	0.5599152995413097
15.0	38.0	0.17177627624116423
15.0	39.0	0.23432788847562586
15.0	40.0	0.27620919222931006
15.0	41.0	0.6333983030765812
15.0	42.0	0.5672911982722018
15.0	43.0	0.12866491468350758
15.0	44.0	0.4919087172533465
15.0	45.0	0.21744294741087458
15.0	46.0	0.18258805975731024
15.0	47.0	0.1466428143912559
15.0	48.0	0.19275975875141838
15.0	49.0	0.09347840027826607
15.0	50.0	0.07845661412661113
16.0	1.0	0.06155469908071179
16.0	2.0	0.014279301823455224
16.0	3.0	0.024215625939205766
16.0	4.0	0.0
16.0	5.0	0.03884111079936059
16.0	6.0	0.03179837378662368
16.0	7.0	0.03006350676824282
16.0	8.0	0.029054450554231392
16.0	9.0	0.018037442243466217
16.0	10.0	0.05022510268251182
16.0	11.0	0.02919995818632613
16.0	12.0	0.09259867388660378
16.0	13.0	0.0347050680063954
16.0	14.0	0.05878466659882582
16.0	15.0	0.05556121127320673
16	16	0
16.0	17.0	0.027839436932717176
16.0	18.0	0.3867374121149636
16.0	19.0	0.03469459225935811
16.0	20.0	0.013507184370374854
16.0	21.0	0.03098657383741145
16.0	22.0	0.3895848145426183
16.0	23.0	0.025435835859167852
16.0	24.0	0.5073539686593588
16.0	25.0	0.02602063412709727
16.0	26.0	0.02480317203293813
16.0	27.0	0.03151241255222637
16.0	28.0	0.026682298538714226
16.0	29.0	0.006030897803926873
16.0	30.0	0.056338891427466266
16.0	31.0	0.10670850296897139
16.0	32.0	0.03480451100339879
16.0	33.0	0.004012328486868727
16.0	34.0	0.029185346260070147
16.0	35.0	0.04750373582761951
16.0	36.0	0.20985638339130924
16.0	37.0	0.04944781875542481
16.0	38.0	0.023586467180357763
16.0	39.0	0.026552597055308713
16.0	40.0	0.03563286795482198
16.0	41.0	0.04163462876902671
16.0	42.0	0.03326837766625766
16.0	43.0	0.03263385986393104
16.0	44.0	0.04872154317599012
16.0	45.0	0.05060849721905935
16.0	46.0	0.037871868268773555
16.0	47.0	0.03230509517042653
16.0	48.0	0.020598015322636908
16.0	49.0	0.09741911973689153
16.0	50.0	0.022032565388007724
17.0	1.0	0.14653934664571452
17.0	2.0	0.10950244940884246
17.0	3.0	0.08718955068644603
17.0	4.0	0.0
17.0	5.0	0.22262201509575164
17.0	6.0	0.17532840597935728
17.0	7.0	0.1603974325387951
17.0	8.0	0.31265746923518584
17.0	9.0	0.10008677142905661
17.0	10.0	0.2059517220377552
17.0	11.0	0.13168506488658688
17.0	12.0	0.12238796142359115
17.0	13.0	0.11118362556184348
17.0	14.0	0.2552403202999721
17.0	15.0	0.1736325370314588
17.0	16.0	0.027839436932717176
17	17	0
17.0	18.0	0.03960838090344793
17.0	19.0	0.20512433177043055
17.0	20.0	0.12996931053612104
17.0	21.0	0.10476000994389663
17.0	22.0	0.06345456377071762
17.0	23.0	0.14689588599253942
17.0	24.0	0.03550685398754414
17.0	25.0	0.14185782725671497
17.0	26.0	0.16285783288879185
17.0	27.0	0.11405918258802
17.0	28.0	0.1444267836521126
17.0	29.0	0.036512374473815355
17.0	30.0	0.14225998317296806
17.0	31.0	0.06828701971320678
17.0	32.0	0.1919016021487984
17.0	33.0	0.005504367701148948
17.0	34.0	0.1411548415733298
17.0	35.0	0.11156952484147216
17.0	36.0	0.10458239614859684
17.0	37.0	0.18899023016514227
17.0	38.0	0.11545514642752246
17.0	39.0	0.4905495697049028
17.0	40.0	0.3427691655730291
17.0	41.0	0.12798850458560201
17.0	42.0	0.16632412456696247
17.0	43.0	0.28925004367339585
17.0	44.0	0.22263387554655684
17.0	45.0	0.2607383820646852
17.0	46.0	0.13402649154977786
17.0	47.0	0.11369140244799572
17.0	48.0	0.17382339773437352
17.0	49.0	0.06864811395395742
17.0	50.0	0.056547744369044174
18.0	1.0	0.04386166901843634
18.0	2.0	0.01953449385185974
18.0	3.0	0.03246580282887839
18.0	4.0	0.0
18.0	5.0	0.048499215006011245
18.0	6.0	0.030900707884821434
18.0	7.0	0.027110917508270355
18.0	8.0	0.0388016745165074
18.0	9.0	0.021283967877895
18.0	10.0	0.04423469765563752
18.0	11.0	0.045722859826677203
18.0	12.0	0.0818543451612421
18.0	13.0	0.03661487283925876
18.0	14.0	0.0632849515777481
18.0	15.0	0.05387106264721051
18.0	16.0	0.3867374121149636
18.0	17.0	0.03960838090344793
18	18	0
18.0	19.0	0.04354124537475734
18.0	20.0	0.011839781364485212
18.0	21.0	0.03867483379649303
18.0	22.0	0.5192094946338989
18.0	23.0	0.021628563314489258
18.0	24.0	0.7744962104318922
18.0	25.0	0.036533260511393884
18.0	26.0	0.033876443511703436
18.0	27.0	0.03689101120323095
18.0	28.0	0.029881999466954693
18.0	29.0	0.001538802304358091
18.0	30.0	0.05121046824479663
18.0	31.0	0.10512124005888512
18.0	32.0	0.04511398955618058
18.0	33.0	0.008606858849740464
18.0	34.0	0.04078668798906951
18.0	35.0	0.053461500496407924
18.0	36.0	0.37822120602477555
18.0	37.0	0.041512624235344776
18.0	38.0	0.05742717420322181
18.0	39.0	0.04418919586266082
18.0	40.0	0.03200415307247854
18.0	41.0	0.05633749554821466
18.0	42.0	0.042152130584052344
18.0	43.0	0.02932118806555737
18.0	44.0	0.05078715706207373
18.0	45.0	0.045090093704856726
18.0	46.0	0.05490692138137527
18.0	47.0	0.03183769352458146
18.0	48.0	0.01692401581214172
18.0	49.0	0.05964833343768464
18.0	50.0	0.028418758594484294
19.0	1.0	0.3929065918349415
19.0	2.0	0.14485759977677368
19.0	3.0	0.09248057412604986
19.0	4.0	0.0
19.0	5.0	0.5378590791899388
19.0	6.0	0.23183925580014983
19.0	7.0	0.2182463301589104
19.0	8.0	0.2153979268886018
19.0	9.0	0.10939233209515033
19.0	10.0	0.20825566209928079
19.0	11.0	0.2819540521946147
19.0	12.0	0.19865187022169528
19.0	13.0	0.16135631318377966
19.0	14.0	0.26788316061230844
19.0	15.0	0.42296804178056163
19.0	16.0	0.03469459225935811
19.0	17.0	0.20512433177043055
19.0	18.0	0.04354124537475734
19	19	0
19.0	20.0	0.1481305556968985
19.0	21.0	0.3218342948170171
19.0	22.0	0.0905430094388325
19.0	23.0	0.2206960388279802
19.0	24.0	0.03938974393391257
19.0	25.0	0.19187092571935915
19.0	26.0	0.21559570462894995
19.0	27.0	0.1909076186239725
19.0	28.0	0.3683658721292969
19.0	29.0	0.04220471563239779
19.0	30.0	0.4340598677436725
19.0	31.0	0.10825318367777859
19.0	32.0	0.24768552977740166
19.0	33.0	0.02720290366727259
19.0	34.0	0.32209870226257353
19.0	35.0	0.3775512665702991
19.0	36.0	0.17813888285365767
19.0	37.0	0.42320323023912143
19.0	38.0	0.1846263704976223
19.0	39.0	0.23611815176216125
19.0	40.0	0.27204439603698793
19.0	41.0	0.3989903413588819
19.0	42.0	0.4302516917159022
19.0	43.0	0.11076186129419129
19.0	44.0	0.3985211983271182
19.0	45.0	0.23697104799796223
19.0	46.0	0.186063851579232
19.0	47.0	0.16160054320700049
19.0	48.0	0.1937182997573346
19.0	49.0	0.1078440966654258
19.0	50.0	0.06416654194022302
20.0	1.0	0.1268833183798779
20.0	2.0	0.16571943722407032
20.0	3.0	0.13835985737722353
20.0	4.0	0.0
20.0	5.0	0.1549995850409181
20.0	6.0	0.18557170965804362
20.0	7.0	0.14929684377971103
20.0	8.0	0.13226168040231703
20.0	9.0	0.09670680626607064
20.0	10.0	0.09835218832947887
20.0	11.0	0.10415797024992379
20.0	12.0	0.12804471543249044
20.0	13.0	0.130430063078961
20.0	14.0	0.12770342134129656
20.0	15.0	0.14193156134305587
20.0	16.0	0.013507184370374854
20.0	17.0	0.12996931053612104
20.0	18.0	0.011839781364485212
20.0	19.0	0.1481305556968985
20	20	0
20.0	21.0	0.10522023179421393
20.0	22.0	0.06056955183135583
20.0	23.0	0.2051715212213015
20.0	24.0	0.014671921735293632
20.0	25.0	0.20342069772996427
20.0	26.0	0.185821357804228
20.0	27.0	0.21155013993870675
20.0	28.0	0.11517643296349715
20.0	29.0	0.018622086022850613
20.0	30.0	0.1213229639117337
20.0	31.0	0.06466138602846527
20.0	32.0	0.1373263288872792
20.0	33.0	0.0019886319109437126
20.0	34.0	0.12347549596472708
20.0	35.0	0.10544839596869605
20.0	36.0	0.1220704991895668
20.0	37.0	0.16047279070526013
20.0	38.0	0.14880879974068115
20.0	39.0	0.14048797238397487
20.0	40.0	0.1699871151141358
20.0	41.0	0.11220770849498778
20.0	42.0	0.1454349768044442
20.0	43.0	0.0993387417864286
20.0	44.0	0.21678675033786082
20.0	45.0	0.13673336157929097
20.0	46.0	0.17018167209118867
20.0	47.0	0.13459995547606443
20.0	48.0	0.2690449306072248
20.0	49.0	0.06303513641608069
20.0	50.0	0.0638330415617798
21.0	1.0	0.6463529579451412
21.0	2.0	0.08396733340207439
21.0	3.0	0.08213383372073893
21.0	4.0	0.0
21.0	5.0	0.35713654558928487
21.0	6.0	0.13443593059888673
21.0	7.0	0.132796350004343
21.0	8.0	0.13021530525578925
21.0	9.0	0.060351059831172095
21.0	10.0	0.10299244955038017
21.0	11.0	0.519873520023606
21.0	12.0	0.15305917968507338
21.0	13.0	0.126886858922585
21.0	14.0	0.15780739770129615
21.0	15.0	0.5427863905465191
21.0	16.0	0.03098657383741145
21.0	17.0	0.10476000994389663
21.0	18.0	0.03867483379649303
21.0	19.0	0.3218342948170171
21.0	20.0	0.10522023179421393
21	21	0
21.0	22.0	0.06979098245374779
21.0	23.0	0.19536264201674267
21.0	24.0	0.041159045126990874
21.0	25.0	0.12993676129372217
21.0	26.0	0.12058116372373619
21.0	27.0	0.17183148161800108
21.0	28.0	0.3210741951987978
21.0	29.0	0.008617681534892516
21.0	30.0	0.609958586488576
21.0	31.0	0.10711847792816165
21.0	32.0	0.1530417962473594
21.0	33.0	0.012285804957998052
21.0	34.0	0.6864497632994708
21.0	35.0	0.6651668117289167
21.0	36.0	0.10658843179700428
21.0	37.0	0.5560927958117734
21.0	38.0	0.11982841233437423
21.0	39.0	0.1758714061350362
21.0	40.0	0.17847565008300673
21.0	41.0	0.6948472739307223
21.0	42.0	0.5564361852176768
21.0	43.0	0.09485788347609186
21.0	44.0	0.6044719208046807
21.0	45.0	0.11651678231820098
21.0	46.0	0.13689366255805577
21.0	47.0	0.12483767677636706
21.0	48.0	0.13719200743629825
21.0	49.0	0.05305928004413651
21.0	50.0	0.060741937691348225
22.0	1.0	0.08214906397879992
22.0	2.0	0.05527705473034466
22.0	3.0	0.055450187242612636
22.0	4.0	0.0
22.0	5.0	0.10509970278737378
22.0	6.0	0.07958116633061993
22.0	7.0	0.06566125717153452
22.0	8.0	0.06159061877531248
22.0	9.0	0.03809844441032414
22.0	10.0	0.0690574683407206
22.0	11.0	0.07089681891917955
22.0	12.0	0.13126541586775303
22.0	13.0	0.05518775514765654
22.0	14.0	0.0902923746702833
22.0	15.0	0.08351745052804119
22.0	16.0	0.3895848145426183
22.0	17.0	0.06345456377071762
22.0	18.0	0.5192094946338989
22.0	19.0	0.0905430094388325
22.0	20.0	0.06056955183135583
22.0	21.0	0.06979098245374779
22	22	0
22.0	23.0	0.07500580219096062
22.0	24.0	0.5497488382183998
22.0	25.0	0.09240179489201401
22.0	26.0	0.07887149678612679
22.0	27.0	0.08601931065306027
22.0	28.0	0.06975774157440144
22.0	29.0	0.008504493347490125
22.0	30.0	0.08869866580968407
22.0	31.0	0.1038120626412842
22.0	32.0	0.08223620083742175
22.0	33.0	0.00927754681722295
22.0	34.0	0.0771381301517738
22.0	35.0	0.07685508295432948
22.0	36.0	0.5287420350053053
22.0	37.0	0.09440043760167274
22.0	38.0	0.16244102655530335
22.0	39.0	0.07585721634355556
22.0	40.0	0.07696559151290544
22.0	41.0	0.08037356959739503
22.0	42.0	0.08012204909064832
22.0	43.0	0.05113290392350872
22.0	44.0	0.1048997206875979
22.0	45.0	0.07373614715391284
22.0	46.0	0.09558447957731926
22.0	47.0	0.0621831014772577
22.0	48.0	0.07636500769467214
22.0	49.0	0.06458187893032927
22.0	50.0	0.04343947258056477
23.0	1.0	0.21267880820645418
23.0	2.0	0.21040506629967567
23.0	3.0	0.1292960495657883
23.0	4.0	0.0
23.0	5.0	0.2306672306313301
23.0	6.0	0.21102934251426791
23.0	7.0	0.16124277336422582
23.0	8.0	0.1826913886712262
23.0	9.0	0.10000376856811644
23.0	10.0	0.13762632037992875
23.0	11.0	0.15061108301772258
23.0	12.0	0.20674668127739568
23.0	13.0	0.1354435574963698
23.0	14.0	0.1552703636820755
23.0	15.0	0.23412178784429571
23.0	16.0	0.025435835859167852
23.0	17.0	0.14689588599253942
23.0	18.0	0.021628563314489258
23.0	19.0	0.2206960388279802
23.0	20.0	0.2051715212213015
23.0	21.0	0.19536264201674267
23.0	22.0	0.07500580219096062
23	23	0
23.0	24.0	0.020614992674257825
23.0	25.0	0.2365035338856764
23.0	26.0	0.2249685689319891
23.0	27.0	0.31344314587023286
23.0	28.0	0.16577936381438607
23.0	29.0	0.04124878325488235
23.0	30.0	0.20828866764844134
23.0	31.0	0.13395160483161778
23.0	32.0	0.1800847244594835
23.0	33.0	0.014931788741931106
23.0	34.0	0.19991771501007163
23.0	35.0	0.18937327399553083
23.0	36.0	0.15279584023853074
23.0	37.0	0.25119252261765285
23.0	38.0	0.16830105930073735
23.0	39.0	0.19840796078943607
23.0	40.0	0.23907690291879583
23.0	41.0	0.1999911372969589
23.0	42.0	0.23345986580213673
23.0	43.0	0.13673810324783295
23.0	44.0	0.28937962659318667
23.0	45.0	0.1907499335635126
23.0	46.0	0.2984782146510831
23.0	47.0	0.1574913823204555
23.0	48.0	0.22891635714300865
23.0	49.0	0.06346652343038243
23.0	50.0	0.08102500919536575
24.0	1.0	0.04829820865323873
24.0	2.0	0.017612091325734762
24.0	3.0	0.027816697109400736
24.0	4.0	0.0
24.0	5.0	0.04651490349671132
24.0	6.0	0.027841399779603704
24.0	7.0	0.030192130086589344
24.0	8.0	0.039111197505827144
24.0	9.0	0.02196624815845815
24.0	10.0	0.055614318164001156
24.0	11.0	0.04381997953384915
24.0	12.0	0.12116558888917715
24.0	13.0	0.047777930565984554
24.0	14.0	0.0736884640556487
24.0	15.0	0.057936880484177014
24.0	16.0	0.5073539686593588
24.0	17.0	0.03550685398754414
24.0	18.0	0.7744962104318922
24.0	19.0	0.03938974393391257
24.0	20.0	0.014671921735293632
24.0	21.0	0.041159045126990874
24.0	22.0	0.5497488382183998
24.0	23.0	0.020614992674257825
24	24	0
24.0	25.0	0.03253678030530633
24.0	26.0	0.035284245921663175
24.0	27.0	0.03241304460254182
24.0	28.0	0.029840120387479248
24.0	29.0	0.0013037439246545736
24.0	30.0	0.062195997139641454
24.0	31.0	0.10439506231103741
24.0	32.0	0.04459276506560945
24.0	33.0	0.006735224297701548
24.0	34.0	0.041160569622459973
24.0	35.0	0.05883699263743216
24.0	36.0	0.36224406478144694
24.0	37.0	0.04616862966934469
24.0	38.0	0.05438581592423765
24.0	39.0	0.041726701625258565
24.0	40.0	0.032429947477730314
24.0	41.0	0.0589208780310399
24.0	42.0	0.041979219747490505
24.0	43.0	0.03167712569146894
24.0	44.0	0.05551587364777771
24.0	45.0	0.052888874824165766
24.0	46.0	0.0589661747985467
24.0	47.0	0.02884093351873331
24.0	48.0	0.018806295716332754
24.0	49.0	0.07287392480914234
24.0	50.0	0.022768988506965473
25.0	1.0	0.1561533978818981
25.0	2.0	0.15646124678745277
25.0	3.0	0.15098022151071985
25.0	4.0	0.0
25.0	5.0	0.19911001983427912
25.0	6.0	0.23138055411895322
25.0	7.0	0.1882185804046363
25.0	8.0	0.18229304501805285
25.0	9.0	0.07962580155635511
25.0	10.0	0.11840251955600739
25.0	11.0	0.11324608151705945
25.0	12.0	0.18990377688660637
25.0	13.0	0.14757486553150667
25.0	14.0	0.15430995195335917
25.0	15.0	0.177305923731572
25.0	16.0	0.02602063412709727
25.0	17.0	0.14185782725671497
25.0	18.0	0.036533260511393884
25.0	19.0	0.19187092571935915
25.0	20.0	0.20342069772996427
25.0	21.0	0.12993676129372217
25.0	22.0	0.09240179489201401
25.0	23.0	0.2365035338856764
25.0	24.0	0.03253678030530633
25	25	0
25.0	26.0	0.21721194061258758
25.0	27.0	0.2637957994550399
25.0	28.0	0.1409991860970466
25.0	29.0	0.015361722404061712
25.0	30.0	0.1524753433883705
25.0	31.0	0.09073500180706107
25.0	32.0	0.16743493055855752
25.0	33.0	0.03175643669078207
25.0	34.0	0.1394427742359827
25.0	35.0	0.12633685174591278
25.0	36.0	0.20419156211566306
25.0	37.0	0.19137503190356536
25.0	38.0	0.19395610054481932
25.0	39.0	0.17027806373293658
25.0	40.0	0.24100223387161063
25.0	41.0	0.13684198583740598
25.0	42.0	0.1635098489352837
25.0	43.0	0.1213588831232907
25.0	44.0	0.2638224032779183
25.0	45.0	0.14839458664193916
25.0	46.0	0.20114907190148237
25.0	47.0	0.15829380747291583
25.0	48.0	0.2990961390057926
25.0	49.0	0.08696337501541186
25.0	50.0	0.13107935532236786
26.0	1.0	0.16305055850107472
26.0	2.0	0.15323652021906267
26.0	3.0	0.13700295166030937
26.0	4.0	0.0
26.0	5.0	0.2159604750933939
26.0	6.0	0.20203200591545348
26.0	7.0	0.18279494692812234
26.0	8.0	0.18570882349084714
26.0	9.0	0.1267682733047617
26.0	10.0	0.13574548559634828
26.0	11.0	0.12600181152028603
26.0	12.0	0.16517825803323388
26.0	13.0	0.20471841142386907
26.0	14.0	0.16882199188814634
26.0	15.0	0.17099615539663937
26.0	16.0	0.02480317203293813
26.0	17.0	0.16285783288879185
26.0	18.0	0.033876443511703436
26.0	19.0	0.21559570462894995
26.0	20.0	0.185821357804228
26.0	21.0	0.12058116372373619
26.0	22.0	0.07887149678612679
26.0	23.0	0.2249685689319891
26.0	24.0	0.035284245921663175
26.0	25.0	0.21721194061258758
26	26	0
26.0	27.0	0.18258701019959678
26.0	28.0	0.1577832045633769
26.0	29.0	0.052622385902431096
26.0	30.0	0.16095515838456467
26.0	31.0	0.07818646447479996
26.0	32.0	0.19403999393391913
26.0	33.0	0.02743241310465133
26.0	34.0	0.14757848359460324
26.0	35.0	0.12142179268863557
26.0	36.0	0.13472801174149887
26.0	37.0	0.19736437992017197
26.0	38.0	0.17987604237431806
26.0	39.0	0.17100169337700394
26.0	40.0	0.20710215572847596
26.0	41.0	0.13038924637545157
26.0	42.0	0.15824760378175762
26.0	43.0	0.10659786911871727
26.0	44.0	0.2237396840042756
26.0	45.0	0.1646333586321317
26.0	46.0	0.1985085261843202
26.0	47.0	0.1317486273099538
26.0	48.0	0.2543614326754471
26.0	49.0	0.07625827769238279
26.0	50.0	0.09903581782255541
27.0	1.0	0.18701058707307577
27.0	2.0	0.15317826419672692
27.0	3.0	0.14765585749818103
27.0	4.0	0.0
27.0	5.0	0.19937955488861223
27.0	6.0	0.18900147370508963
27.0	7.0	0.1414553702470189
27.0	8.0	0.16607947973611345
27.0	9.0	0.09044225332043739
27.0	10.0	0.11279660865547943
27.0	11.0	0.13795047501254734
27.0	12.0	0.1811902425770455
27.0	13.0	0.12198065671681421
27.0	14.0	0.1288000699251661
27.0	15.0	0.21312269234634185
27.0	16.0	0.03151241255222637
27.0	17.0	0.11405918258802
27.0	18.0	0.03689101120323095
27.0	19.0	0.1909076186239725
27.0	20.0	0.21155013993870675
27.0	21.0	0.17183148161800108
27.0	22.0	0.08601931065306027
27.0	23.0	0.31344314587023286
27.0	24.0	0.03241304460254182
27.0	25.0	0.2637957994550399
27.0	26.0	0.18258701019959678
27	27	0
27.0	28.0	0.14131118701913095
27.0	29.0	0.045266626425308
27.0	30.0	0.17052659540204382
27.0	31.0	0.10797577479548824
27.0	32.0	0.16477915965708018
27.0	33.0	0.05813140017275669
27.0	34.0	0.17188918885521662
27.0	35.0	0.1682972828286331
27.0	36.0	0.16874473169416798
27.0	37.0	0.19080672723588268
27.0	38.0	0.20014207230045708
27.0	39.0	0.15000370192744808
27.0	40.0	0.1748539709914673
27.0	41.0	0.18169989345043427
27.0	42.0	0.1887986128896793
27.0	43.0	0.11800857283661012
27.0	44.0	0.2588279762520518
27.0	45.0	0.15445149418937035
27.0	46.0	0.2826877861174809
27.0	47.0	0.15175550377310526
27.0	48.0	0.22324556684196883
27.0	49.0	0.0669184989771035
27.0	50.0	0.09120124263170767
28.0	1.0	0.3887600278224166
28.0	2.0	0.1116501524961018
28.0	3.0	0.08238300356420922
28.0	4.0	0.0
28.0	5.0	0.3823182051420573
28.0	6.0	0.17888139964440386
28.0	7.0	0.17153175443090457
28.0	8.0	0.1491518242623628
28.0	9.0	0.09020320886104469
28.0	10.0	0.1378428423933867
28.0	11.0	0.2568483746640244
28.0	12.0	0.13717647439951478
28.0	13.0	0.12221659688788548
28.0	14.0	0.1704643390222309
28.0	15.0	0.3733655522427621
28.0	16.0	0.026682298538714226
28.0	17.0	0.1444267836521126
28.0	18.0	0.029881999466954693
28.0	19.0	0.3683658721292969
28.0	20.0	0.11517643296349715
28.0	21.0	0.3210741951987978
28.0	22.0	0.06975774157440144
28.0	23.0	0.16577936381438607
28.0	24.0	0.029840120387479248
28.0	25.0	0.1409991860970466
28.0	26.0	0.1577832045633769
28.0	27.0	0.14131118701913095
28	28	0
28.0	29.0	0.03284670018684496
28.0	30.0	0.37991967477428956
28.0	31.0	0.0738664119199711
28.0	32.0	0.1758781316057594
28.0	33.0	0.00730402648794161
28.0	34.0	0.3105560051747065
28.0	35.0	0.36360288338914104
28.0	36.0	0.13413300834661762
28.0	37.0	0.361154070298466
28.0	38.0	0.1326603795058149
28.0	39.0	0.16918709464067358
28.0	40.0	0.20579353920895102
28.0	41.0	0.3931174759448342
28.0	42.0	0.3621780185703915
28.0	43.0	0.0793897444437068
28.0	44.0	0.34107693966559904
28.0	45.0	0.15225016740346234
28.0	46.0	0.14056917574117486
28.0	47.0	0.11004794369605597
28.0	48.0	0.15358112172877195
28.0	49.0	0.06921743411365217
28.0	50.0	0.0560447382335575
29.0	1.0	0.02402304828765749
29.0	2.0	0.05311548042310352
29.0	3.0	0.017835378421615124
29.0	4.0	0.0
29.0	5.0	0.04907150875005352
29.0	6.0	0.03986572803849192
29.0	7.0	0.04420272295985018
29.0	8.0	0.024275257857908544
29.0	9.0	0.023936387513364608
29.0	10.0	0.029601747448044405
29.0	11.0	0.02205337439404664
29.0	12.0	0.04862396762120589
29.0	13.0	0.013913523687964398
29.0	14.0	0.03010560636428693
29.0	15.0	0.03736109142277128
29.0	16.0	0.006030897803926873
29.0	17.0	0.036512374473815355
29.0	18.0	0.001538802304358091
29.0	19.0	0.04220471563239779
29.0	20.0	0.018622086022850613
29.0	21.0	0.008617681534892516
29.0	22.0	0.008504493347490125
29.0	23.0	0.04124878325488235
29.0	24.0	0.0013037439246545736
29.0	25.0	0.015361722404061712
29.0	26.0	0.052622385902431096
29.0	27.0	0.045266626425308
29.0	28.0	0.03284670018684496
29	29	0
29.0	30.0	0.024340763743132123
29.0	31.0	0.015556179277149699
29.0	32.0	0.07266037272572895
29.0	33.0	0.10403224545223227
29.0	34.0	0.020043160965150873
29.0	35.0	0.017192349897735
29.0	36.0	0.02830854333945714
29.0	37.0	0.03008059553587183
29.0	38.0	0.03553473538972457
29.0	39.0	0.041879816956449614
29.0	40.0	0.040942793747291324
29.0	41.0	0.032323287383203135
29.0	42.0	0.03373085914773938
29.0	43.0	0.013793189771934769
29.0	44.0	0.03585869132995495
29.0	45.0	0.03882535474731879
29.0	46.0	0.021924064181010665
29.0	47.0	0.012016855302724202
29.0	48.0	0.039020108650331585
29.0	49.0	0.03370933573757744
29.0	50.0	0.024146015734914976
30.0	1.0	0.6734412034352372
30.0	2.0	0.10914786005756313
30.0	3.0	0.09890029300389787
30.0	4.0	0.0
30.0	5.0	0.43926074453003155
30.0	6.0	0.18453347537678724
30.0	7.0	0.15382080616440652
30.0	8.0	0.15242123259235696
30.0	9.0	0.08230000396734966
30.0	10.0	0.16321435717537403
30.0	11.0	0.4008163335788483
30.0	12.0	0.16273941333434366
30.0	13.0	0.15478824533699095
30.0	14.0	0.19859309689332713
30.0	15.0	0.5977307321956647
30.0	16.0	0.056338891427466266
30.0	17.0	0.14225998317296806
30.0	18.0	0.05121046824479663
30.0	19.0	0.4340598677436725
30.0	20.0	0.1213229639117337
30.0	21.0	0.609958586488576
30.0	22.0	0.08869866580968407
30.0	23.0	0.20828866764844134
30.0	24.0	0.062195997139641454
30.0	25.0	0.1524753433883705
30.0	26.0	0.16095515838456467
30.0	27.0	0.17052659540204382
30.0	28.0	0.37991967477428956
30.0	29.0	0.024340763743132123
30	30	0
30.0	31.0	0.12784054216993546
30.0	32.0	0.1948035721446619
30.0	33.0	0.011573259489732313
30.0	34.0	0.5224065767279433
30.0	35.0	0.7272258003875566
30.0	36.0	0.12152325623481523
30.0	37.0	0.6089443195755077
30.0	38.0	0.13608740024179705
30.0	39.0	0.2011431009295754
30.0	40.0	0.22360721662460417
30.0	41.0	0.6903431269176655
30.0	42.0	0.6056571088918888
30.0	43.0	0.08534617645641092
30.0	44.0	0.49540694877262237
30.0	45.0	0.1691084551354451
30.0	46.0	0.16254208099478698
30.0	47.0	0.11223269745833095
30.0	48.0	0.16780987879363338
30.0	49.0	0.07919374910909985
30.0	50.0	0.06923170491714074
31.0	1.0	0.11905464237570455
31.0	2.0	0.052078272780621014
31.0	3.0	0.15468956690718533
31.0	4.0	0.0
31.0	5.0	0.10939324391832624
31.0	6.0	0.07346588117224612
31.0	7.0	0.06755559093943451
31.0	8.0	0.0799050919365184
31.0	9.0	0.04169290183235824
31.0	10.0	0.07199057958547278
31.0	11.0	0.07744556230877175
31.0	12.0	0.097058425749783
31.0	13.0	0.07011221774398456
31.0	14.0	0.07890782943546185
31.0	15.0	0.12693399742065004
31.0	16.0	0.10670850296897139
31.0	17.0	0.06828701971320678
31.0	18.0	0.10512124005888512
31.0	19.0	0.10825318367777859
31.0	20.0	0.06466138602846527
31.0	21.0	0.10711847792816165
31.0	22.0	0.1038120626412842
31.0	23.0	0.13395160483161778
31.0	24.0	0.10439506231103741
31.0	25.0	0.09073500180706107
31.0	26.0	0.07818646447479996
31.0	27.0	0.10797577479548824
31.0	28.0	0.0738664119199711
31.0	29.0	0.015556179277149699
31.0	30.0	0.12784054216993546
31	31	0
31.0	32.0	0.07013056161234696
31.0	33.0	0.011136227742429741
31.0	34.0	0.10215482425976902
31.0	35.0	0.1327453167066198
31.0	36.0	0.10030285032334119
31.0	37.0	0.14324911244324748
31.0	38.0	0.06917047772395948
31.0	39.0	0.08549185827440794
31.0	40.0	0.08778441667298989
31.0	41.0	0.1395628535149934
31.0	42.0	0.16040576045585095
31.0	43.0	0.07095043106044154
31.0	44.0	0.11541674934372144
31.0	45.0	0.0870702954271506
31.0	46.0	0.1667708282235672
31.0	47.0	0.06302269175025976
31.0	48.0	0.0839679452859651
31.0	49.0	0.04126193844857381
31.0	50.0	0.10354822500496494
32.0	1.0	0.19276458452570866
32.0	2.0	0.31122920345941907
32.0	3.0	0.09590509149760276
32.0	4.0	0.0
32.0	5.0	0.24122338161957915
32.0	6.0	0.3198080218417963
32.0	7.0	0.19233069513118242
32.0	8.0	0.20262837293362282
32.0	9.0	0.14275737046584885
32.0	10.0	0.17717037834468224
32.0	11.0	0.15775426207153165
32.0	12.0	0.14943613503590786
32.0	13.0	0.1913576209992216
32.0	14.0	0.2580698168948363
32.0	15.0	0.21290303930073906
32.0	16.0	0.03480451100339879
32.0	17.0	0.1919016021487984
32.0	18.0	0.04511398955618058
32.0	19.0	0.24768552977740166
32.0	20.0	0.1373263288872792
32.0	21.0	0.1530417962473594
32.0	22.0	0.08223620083742175
32.0	23.0	0.1800847244594835
32.0	24.0	0.04459276506560945
32.0	25.0	0.16743493055855752
32.0	26.0	0.19403999393391913
32.0	27.0	0.16477915965708018
32.0	28.0	0.1758781316057594
32.0	29.0	0.07266037272572895
32.0	30.0	0.1948035721446619
32.0	31.0	0.07013056161234696
32	32	0
32.0	33.0	0.016655958673476762
32.0	34.0	0.18655671129673704
32.0	35.0	0.16363742642720125
32.0	36.0	0.13179672463995462
32.0	37.0	0.22955527943177592
32.0	38.0	0.1632782318932514
32.0	39.0	0.2141274721375135
32.0	40.0	0.21092509586462205
32.0	41.0	0.17630586478172616
32.0	42.0	0.19935979927368183
32.0	43.0	0.08515000512379108
32.0	44.0	0.2665225987685213
32.0	45.0	0.16640048782217365
32.0	46.0	0.18654698780019718
32.0	47.0	0.12274880166154609
32.0	48.0	0.2038039480276467
32.0	49.0	0.15018317703673334
32.0	50.0	0.07087013853632883
33.0	1.0	0.00817375125265355
33.0	2.0	0.007305618759236401
33.0	3.0	0.0027460579647965804
33.0	4.0	0.0
33.0	5.0	0.0514016291633134
33.0	6.0	0.0
33.0	7.0	0.01213325590688022
33.0	8.0	0.022700046970313987
33.0	9.0	0.0115071852957214
33.0	10.0	0.004962819787416641
33.0	11.0	0.0044229444701092465
33.0	12.0	0.019041957886682243
33.0	13.0	0.022310085149415952
33.0	14.0	0.005566003522779462
33.0	15.0	0.020056508535538815
33.0	16.0	0.004012328486868727
33.0	17.0	0.005504367701148948
33.0	18.0	0.008606858849740464
33.0	19.0	0.02720290366727259
33.0	20.0	0.0019886319109437126
33.0	21.0	0.012285804957998052
33.0	22.0	0.00927754681722295
33.0	23.0	0.014931788741931106
33.0	24.0	0.006735224297701548
33.0	25.0	0.03175643669078207
33.0	26.0	0.02743241310465133
33.0	27.0	0.05813140017275669
33.0	28.0	0.00730402648794161
33.0	29.0	0.10403224545223227
33.0	30.0	0.011573259489732313
33.0	31.0	0.011136227742429741
33.0	32.0	0.016655958673476762
33	33	0
33.0	34.0	0.006508977075366655
33.0	35.0	0.010304846116549329
33.0	36.0	0.029944701630536367
33.0	37.0	0.007775456861001174
33.0	38.0	0.04687426626324378
33.0	39.0	0.01254499941367093
33.0	40.0	0.008819705765717367
33.0	41.0	0.017131799390236544
33.0	42.0	0.006508616440219272
33.0	43.0	0.013310160203821522
33.0	44.0	0.03151618958214943
33.0	45.0	0.011313615525417927
33.0	46.0	0.017753679918288495
33.0	47.0	0.005725064651216286
33.0	48.0	0.006765010450698881
33.0	49.0	0.023548252390099007
33.0	50.0	0.010319559005020407
34.0	1.0	0.5495811235981667
34.0	2.0	0.10317722136324924
34.0	3.0	0.08670884735460763
34.0	4.0	0.0
34.0	5.0	0.35610693395228654
34.0	6.0	0.1729271711864328
34.0	7.0	0.15006208977237517
34.0	8.0	0.1389058510031739
34.0	9.0	0.08362309294654037
34.0	10.0	0.1272693973957145
34.0	11.0	0.4589324761512196
34.0	12.0	0.15072207512624017
34.0	13.0	0.13513777303990923
34.0	14.0	0.1894399428439511
34.0	15.0	0.48174160699503626
34.0	16.0	0.029185346260070147
34.0	17.0	0.1411548415733298
34.0	18.0	0.04078668798906951
34.0	19.0	0.32209870226257353
34.0	20.0	0.12347549596472708
34.0	21.0	0.6864497632994708
34.0	22.0	0.0771381301517738
34.0	23.0	0.19991771501007163
34.0	24.0	0.041160569622459973
34.0	25.0	0.1394427742359827
34.0	26.0	0.14757848359460324
34.0	27.0	0.17188918885521662
34.0	28.0	0.3105560051747065
34.0	29.0	0.020043160965150873
34.0	30.0	0.5224065767279433
34.0	31.0	0.10215482425976902
34.0	32.0	0.18655671129673704
34.0	33.0	0.006508977075366655
34	34	0
34.0	35.0	0.5459110678099159
34.0	36.0	0.1112767877183957
34.0	37.0	0.48507507500399943
34.0	38.0	0.14394271888068094
34.0	39.0	0.1830456754410177
34.0	40.0	0.1840918852929498
34.0	41.0	0.5841648820426195
34.0	42.0	0.48391802682566115
34.0	43.0	0.08016762993169924
34.0	44.0	0.5464607668076807
34.0	45.0	0.12866652443381746
34.0	46.0	0.14501087156500359
34.0	47.0	0.1363618601000858
34.0	48.0	0.15533195757508306
34.0	49.0	0.0625979651597565
34.0	50.0	0.060385750851296785
35.0	1.0	0.722056965445226
35.0	2.0	0.09943543240512988
35.0	3.0	0.09826135823568517
35.0	4.0	0.0
35.0	5.0	0.4097434795263839
35.0	6.0	0.15246291207344048
35.0	7.0	0.13082850228344214
35.0	8.0	0.12953001423102875
35.0	9.0	0.0679105717786852
35.0	10.0	0.10841617787651134
35.0	11.0	0.4117215041512876
35.0	12.0	0.14535517123315456
35.0	13.0	0.12555849736799812
35.0	14.0	0.14124307350697107
35.0	15.0	0.6272939139698261
35.0	16.0	0.04750373582761951
35.0	17.0	0.11156952484147216
35.0	18.0	0.053461500496407924
35.0	19.0	0.3775512665702991
35.0	20.0	0.10544839596869605
35.0	21.0	0.6651668117289167
35.0	22.0	0.07685508295432948
35.0	23.0	0.18937327399553083
35.0	24.0	0.05883699263743216
35.0	25.0	0.12633685174591278
35.0	26.0	0.12142179268863557
35.0	27.0	0.1682972828286331
35.0	28.0	0.36360288338914104
35.0	29.0	0.017192349897735
35.0	30.0	0.7272258003875566
35.0	31.0	0.1327453167066198
35.0	32.0	0.16363742642720125
35.0	33.0	0.010304846116549329
35.0	34.0	0.5459110678099159
35	35	0
35.0	36.0	0.1000527161107277
35.0	37.0	0.6201459676932487
35.0	38.0	0.13320361385642912
35.0	39.0	0.16822983913448106
35.0	40.0	0.1707538929533797
35.0	41.0	0.7737843577801261
35.0	42.0	0.6267137540952642
35.0	43.0	0.08346110510064009
35.0	44.0	0.5022016526584411
35.0	45.0	0.11931524876418
35.0	46.0	0.14285667040831942
35.0	47.0	0.11352938628783256
35.0	48.0	0.13008761247816059
35.0	49.0	0.05926197156191239
35.0	50.0	0.0891711385231661
36.0	1.0	0.12100300572389537
36.0	2.0	0.10131852822103064
36.0	3.0	0.08077840334385673
36.0	4.0	0.0
36.0	5.0	0.17074876082122067
36.0	6.0	0.16543522066651437
36.0	7.0	0.12328783520025545
36.0	8.0	0.13624742209133794
36.0	9.0	0.06154278808978826
36.0	10.0	0.10202909040627214
36.0	11.0	0.10707148367545778
36.0	12.0	0.17021997944165723
36.0	13.0	0.07886507497278986
36.0	14.0	0.12323837878488744
36.0	15.0	0.15267760709244105
36.0	16.0	0.20985638339130924
36.0	17.0	0.10458239614859684
36.0	18.0	0.37822120602477555
36.0	19.0	0.17813888285365767
36.0	20.0	0.1220704991895668
36.0	21.0	0.10658843179700428
36.0	22.0	0.5287420350053053
36.0	23.0	0.15279584023853074
36.0	24.0	0.36224406478144694
36.0	25.0	0.20419156211566306
36.0	26.0	0.13472801174149887
36.0	27.0	0.16874473169416798
36.0	28.0	0.13413300834661762
36.0	29.0	0.02830854333945714
36.0	30.0	0.12152325623481523
36.0	31.0	0.10030285032334119
36.0	32.0	0.13179672463995462
36.0	33.0	0.029944701630536367
36.0	34.0	0.1112767877183957
36.0	35.0	0.1000527161107277
36	36	0
36.0	37.0	0.15577850111771405
36.0	38.0	0.22784012929438313
36.0	39.0	0.1296521730159158
36.0	40.0	0.15105872306361842
36.0	41.0	0.11388280636489684
36.0	42.0	0.12713433508323635
36.0	43.0	0.07722272231173113
36.0	44.0	0.217386837712649
36.0	45.0	0.1453413510708337
36.0	46.0	0.15518716614419348
36.0	47.0	0.12453833933676939
36.0	48.0	0.15565318324623761
36.0	49.0	0.0708114264576391
36.0	50.0	0.06222372281977476
37.0	1.0	0.6174045239711362
37.0	2.0	0.18144236854774
37.0	3.0	0.1125729391453536
37.0	4.0	0.0
37.0	5.0	0.44364561560450194
37.0	6.0	0.2340787309128733
37.0	7.0	0.21683766485285022
37.0	8.0	0.1857251847988013
37.0	9.0	0.10710036730043711
37.0	10.0	0.19639301349790994
37.0	11.0	0.3744648601577335
37.0	12.0	0.17626261492952439
37.0	13.0	0.16188814646839045
37.0	14.0	0.24204159534125586
37.0	15.0	0.5599152995413097
37.0	16.0	0.04944781875542481
37.0	17.0	0.18899023016514227
37.0	18.0	0.041512624235344776
37.0	19.0	0.42320323023912143
37.0	20.0	0.16047279070526013
37.0	21.0	0.5560927958117734
37.0	22.0	0.09440043760167274
37.0	23.0	0.25119252261765285
37.0	24.0	0.04616862966934469
37.0	25.0	0.19137503190356536
37.0	26.0	0.19736437992017197
37.0	27.0	0.19080672723588268
37.0	28.0	0.361154070298466
37.0	29.0	0.03008059553587183
37.0	30.0	0.6089443195755077
37.0	31.0	0.14324911244324748
37.0	32.0	0.22955527943177592
37.0	33.0	0.007775456861001174
37.0	34.0	0.48507507500399943
37.0	35.0	0.6201459676932487
37.0	36.0	0.15577850111771405
37	37	0
37.0	38.0	0.1533971248291999
37.0	39.0	0.2566416887077309
37.0	40.0	0.2718549755234414
37.0	41.0	0.6285871556904536
37.0	42.0	0.5597744886398845
37.0	43.0	0.11197986617483807
37.0	44.0	0.490968313419752
37.0	45.0	0.21227705195905494
37.0	46.0	0.2043052592992725
37.0	47.0	0.14166968955409046
37.0	48.0	0.2331184136748339
37.0	49.0	0.0912167568313966
37.0	50.0	0.08431366008572427
38.0	1.0	0.14709458464745542
38.0	2.0	0.10052177018435982
38.0	3.0	0.07491151150245133
38.0	4.0	0.0
38.0	5.0	0.183522262346128
38.0	6.0	0.1605432618321428
38.0	7.0	0.11397226753143062
38.0	8.0	0.15860814579683835
38.0	9.0	0.07709267354354092
38.0	10.0	0.11115185329129496
38.0	11.0	0.12436817988628254
38.0	12.0	0.1641285442210706
38.0	13.0	0.11096748005925537
38.0	14.0	0.13144630514778252
38.0	15.0	0.17177627624116423
38.0	16.0	0.023586467180357763
38.0	17.0	0.11545514642752246
38.0	18.0	0.05742717420322181
38.0	19.0	0.1846263704976223
38.0	20.0	0.14880879974068115
38.0	21.0	0.11982841233437423
38.0	22.0	0.16244102655530335
38.0	23.0	0.16830105930073735
38.0	24.0	0.05438581592423765
38.0	25.0	0.19395610054481932
38.0	26.0	0.17987604237431806
38.0	27.0	0.20014207230045708
38.0	28.0	0.1326603795058149
38.0	29.0	0.03553473538972457
38.0	30.0	0.13608740024179705
38.0	31.0	0.06917047772395948
38.0	32.0	0.1632782318932514
38.0	33.0	0.04687426626324378
38.0	34.0	0.14394271888068094
38.0	35.0	0.13320361385642912
38.0	36.0	0.22784012929438313
38.0	37.0	0.1533971248291999
38	38	0
38.0	39.0	0.15167467345007288
38.0	40.0	0.18661580678635165
38.0	41.0	0.13741445638903824
38.0	42.0	0.14790962948721148
38.0	43.0	0.11011505307847558
38.0	44.0	0.23940968649634067
38.0	45.0	0.13386714891290097
38.0	46.0	0.16093708009688173
38.0	47.0	0.12390312969356451
38.0	48.0	0.14453845434725507
38.0	49.0	0.05647968669788336
38.0	50.0	0.05329303456733672
39.0	1.0	0.21587220964685502
39.0	2.0	0.13639306678888463
39.0	3.0	0.10205803907180419
39.0	4.0	0.0
39.0	5.0	0.23182569264072878
39.0	6.0	0.20195061991693503
39.0	7.0	0.19283265027489147
39.0	8.0	0.44045380950162494
39.0	9.0	0.12077525749764986
39.0	10.0	0.22018704593571473
39.0	11.0	0.17136390597265996
39.0	12.0	0.15962871229695635
39.0	13.0	0.14577099641924987
39.0	14.0	0.2712370478759781
39.0	15.0	0.23432788847562586
39.0	16.0	0.026552597055308713
39.0	17.0	0.4905495697049028
39.0	18.0	0.04418919586266082
39.0	19.0	0.23611815176216125
39.0	20.0	0.14048797238397487
39.0	21.0	0.1758714061350362
39.0	22.0	0.07585721634355556
39.0	23.0	0.19840796078943607
39.0	24.0	0.041726701625258565
39.0	25.0	0.17027806373293658
39.0	26.0	0.17100169337700394
39.0	27.0	0.15000370192744808
39.0	28.0	0.16918709464067358
39.0	29.0	0.041879816956449614
39.0	30.0	0.2011431009295754
39.0	31.0	0.08549185827440794
39.0	32.0	0.2141274721375135
39.0	33.0	0.01254499941367093
39.0	34.0	0.1830456754410177
39.0	35.0	0.16822983913448106
39.0	36.0	0.1296521730159158
39.0	37.0	0.2566416887077309
39.0	38.0	0.15167467345007288
39	39	0
39.0	40.0	0.43114424669037604
39.0	41.0	0.19762326595557608
39.0	42.0	0.2126133201059455
39.0	43.0	0.40616237372938263
39.0	44.0	0.2991884978487545
39.0	45.0	0.33209105226262564
39.0	46.0	0.17047332878272944
39.0	47.0	0.13237497600964773
39.0	48.0	0.19768027525598478
39.0	49.0	0.08715301964396258
39.0	50.0	0.0628673627568294
40.0	1.0	0.2297340200101575
40.0	2.0	0.16821401696345117
40.0	3.0	0.11941817894135281
40.0	4.0	0.0
40.0	5.0	0.2959129152992791
40.0	6.0	0.3131112345651086
40.0	7.0	0.22204847324267032
40.0	8.0	0.43304095842284407
40.0	9.0	0.12242103008035861
40.0	10.0	0.264880041081948
40.0	11.0	0.16662315079861373
40.0	12.0	0.1951899285193365
40.0	13.0	0.1964160196216878
40.0	14.0	0.2666041326886128
40.0	15.0	0.27620919222931006
40.0	16.0	0.03563286795482198
40.0	17.0	0.3427691655730291
40.0	18.0	0.03200415307247854
40.0	19.0	0.27204439603698793
40.0	20.0	0.1699871151141358
40.0	21.0	0.17847565008300673
40.0	22.0	0.07696559151290544
40.0	23.0	0.23907690291879583
40.0	24.0	0.032429947477730314
40.0	25.0	0.24100223387161063
40.0	26.0	0.20710215572847596
40.0	27.0	0.1748539709914673
40.0	28.0	0.20579353920895102
40.0	29.0	0.040942793747291324
40.0	30.0	0.22360721662460417
40.0	31.0	0.08778441667298989
40.0	32.0	0.21092509586462205
40.0	33.0	0.008819705765717367
40.0	34.0	0.1840918852929498
40.0	35.0	0.1707538929533797
40.0	36.0	0.15105872306361842
40.0	37.0	0.2718549755234414
40.0	38.0	0.18661580678635165
40.0	39.0	0.43114424669037604
40	40	0
40.0	41.0	0.1738120413105121
40.0	42.0	0.25645890834995555
40.0	43.0	0.38140134811302123
40.0	44.0	0.31792637952601044
40.0	45.0	0.37405205715893525
40.0	46.0	0.2065728482932606
40.0	47.0	0.14436724394925063
40.0	48.0	0.2700581433309532
40.0	49.0	0.10365904354602212
40.0	50.0	0.07761312032775425
41.0	1.0	0.7364089216430176
41.0	2.0	0.10064852718207154
41.0	3.0	0.09583023282692117
41.0	4.0	0.0
41.0	5.0	0.4488742992155517
41.0	6.0	0.16704227233397662
41.0	7.0	0.14408028805462375
41.0	8.0	0.14141148234379852
41.0	9.0	0.07820586655231083
41.0	10.0	0.12822557644534385
41.0	11.0	0.4485929535212994
41.0	12.0	0.15947525340307409
41.0	13.0	0.13451508264568254
41.0	14.0	0.17081097579385932
41.0	15.0	0.6333983030765812
41.0	16.0	0.04163462876902671
41.0	17.0	0.12798850458560201
41.0	18.0	0.05633749554821466
41.0	19.0	0.3989903413588819
41.0	20.0	0.11220770849498778
41.0	21.0	0.6948472739307223
41.0	22.0	0.08037356959739503
41.0	23.0	0.1999911372969589
41.0	24.0	0.0589208780310399
41.0	25.0	0.13684198583740598
41.0	26.0	0.13038924637545157
41.0	27.0	0.18169989345043427
41.0	28.0	0.3931174759448342
41.0	29.0	0.032323287383203135
41.0	30.0	0.6903431269176655
41.0	31.0	0.1395628535149934
41.0	32.0	0.17630586478172616
41.0	33.0	0.017131799390236544
41.0	34.0	0.5841648820426195
41.0	35.0	0.7737843577801261
41.0	36.0	0.11388280636489684
41.0	37.0	0.6285871556904536
41.0	38.0	0.13741445638903824
41.0	39.0	0.19762326595557608
41.0	40.0	0.1738120413105121
41	41	0
41.0	42.0	0.7214801273298055
41.0	43.0	0.08290261829632628
41.0	44.0	0.5224747606934104
41.0	45.0	0.13692323480201748
41.0	46.0	0.1505776565854991
41.0	47.0	0.11633084374829328
41.0	48.0	0.14203215914534914
41.0	49.0	0.06715815338855922
41.0	50.0	0.07237236320331154
42.0	1.0	0.6119646047746848
42.0	2.0	0.12300304955842388
42.0	3.0	0.09451365059474987
42.0	4.0	0.0
42.0	5.0	0.48282004449122506
42.0	6.0	0.20465334868434432
42.0	7.0	0.18113131826595383
42.0	8.0	0.1884877893855139
42.0	9.0	0.09118093391055401
42.0	10.0	0.17632379869831408
42.0	11.0	0.38022589701469206
42.0	12.0	0.20509636541131038
42.0	13.0	0.15698194360544704
42.0	14.0	0.22402848036172615
42.0	15.0	0.5672911982722018
42.0	16.0	0.03326837766625766
42.0	17.0	0.16632412456696247
42.0	18.0	0.042152130584052344
42.0	19.0	0.4302516917159022
42.0	20.0	0.1454349768044442
42.0	21.0	0.5564361852176768
42.0	22.0	0.08012204909064832
42.0	23.0	0.23345986580213673
42.0	24.0	0.041979219747490505
42.0	25.0	0.1635098489352837
42.0	26.0	0.15824760378175762
42.0	27.0	0.1887986128896793
42.0	28.0	0.3621780185703915
42.0	29.0	0.03373085914773938
42.0	30.0	0.6056571088918888
42.0	31.0	0.16040576045585095
42.0	32.0	0.19935979927368183
42.0	33.0	0.006508616440219272
42.0	34.0	0.48391802682566115
42.0	35.0	0.6267137540952642
42.0	36.0	0.12713433508323635
42.0	37.0	0.5597744886398845
42.0	38.0	0.14790962948721148
42.0	39.0	0.2126133201059455
42.0	40.0	0.25645890834995555
42.0	41.0	0.7214801273298055
42	42	0
42.0	43.0	0.11316113359320454
42.0	44.0	0.47563505882662555
42.0	45.0	0.1812971804980402
42.0	46.0	0.1817690837063472
42.0	47.0	0.14305454953207475
42.0	48.0	0.173709802831884
42.0	49.0	0.08154216515865004
42.0	50.0	0.06929567251979718
43.0	1.0	0.10788309987231912
43.0	2.0	0.08686132781576776
43.0	3.0	0.07132882700292209
43.0	4.0	0.0
43.0	5.0	0.12144091045510189
43.0	6.0	0.13082877479221958
43.0	7.0	0.12260963340911953
43.0	8.0	0.4497968574888795
43.0	9.0	0.05436856103415146
43.0	10.0	0.16198327025034095
43.0	11.0	0.0808944849888228
43.0	12.0	0.09112157411373804
43.0	13.0	0.09498350312938997
43.0	14.0	0.1560764755331364
43.0	15.0	0.12866491468350758
43.0	16.0	0.03263385986393104
43.0	17.0	0.28925004367339585
43.0	18.0	0.02932118806555737
43.0	19.0	0.11076186129419129
43.0	20.0	0.0993387417864286
43.0	21.0	0.09485788347609186
43.0	22.0	0.05113290392350872
43.0	23.0	0.13673810324783295
43.0	24.0	0.03167712569146894
43.0	25.0	0.1213588831232907
43.0	26.0	0.10659786911871727
43.0	27.0	0.11800857283661012
43.0	28.0	0.0793897444437068
43.0	29.0	0.013793189771934769
43.0	30.0	0.08534617645641092
43.0	31.0	0.07095043106044154
43.0	32.0	0.08515000512379108
43.0	33.0	0.013310160203821522
43.0	34.0	0.08016762993169924
43.0	35.0	0.08346110510064009
43.0	36.0	0.07722272231173113
43.0	37.0	0.11197986617483807
43.0	38.0	0.11011505307847558
43.0	39.0	0.40616237372938263
43.0	40.0	0.38140134811302123
43.0	41.0	0.08290261829632628
43.0	42.0	0.11316113359320454
43	43	0
43.0	44.0	0.160573390514732
43.0	45.0	0.34703287590581194
43.0	46.0	0.12416803060166799
43.0	47.0	0.07877202148895605
43.0	48.0	0.1328891916773273
43.0	49.0	0.03360614518617551
43.0	50.0	0.11919340221965896
44.0	1.0	0.5160975693656203
44.0	2.0	0.2009223742629641
44.0	3.0	0.13491428264653468
44.0	4.0	0.0
44.0	5.0	0.4156364085344237
44.0	6.0	0.25279606568705837
44.0	7.0	0.2417451376789659
44.0	8.0	0.28110155147394245
44.0	9.0	0.13011568285477484
44.0	10.0	0.1933909335815828
44.0	11.0	0.45303368553890516
44.0	12.0	0.23383725338901007
44.0	13.0	0.18312430591588938
44.0	14.0	0.2535910526349383
44.0	15.0	0.4919087172533465
44.0	16.0	0.04872154317599012
44.0	17.0	0.22263387554655684
44.0	18.0	0.05078715706207373
44.0	19.0	0.3985211983271182
44.0	20.0	0.21678675033786082
44.0	21.0	0.6044719208046807
44.0	22.0	0.1048997206875979
44.0	23.0	0.28937962659318667
44.0	24.0	0.05551587364777771
44.0	25.0	0.2638224032779183
44.0	26.0	0.2237396840042756
44.0	27.0	0.2588279762520518
44.0	28.0	0.34107693966559904
44.0	29.0	0.03585869132995495
44.0	30.0	0.49540694877262237
44.0	31.0	0.11541674934372144
44.0	32.0	0.2665225987685213
44.0	33.0	0.03151618958214943
44.0	34.0	0.5464607668076807
44.0	35.0	0.5022016526584411
44.0	36.0	0.217386837712649
44.0	37.0	0.490968313419752
44.0	38.0	0.23940968649634067
44.0	39.0	0.2991884978487545
44.0	40.0	0.31792637952601044
44.0	41.0	0.5224747606934104
44.0	42.0	0.47563505882662555
44.0	43.0	0.160573390514732
44	44	0
44.0	45.0	0.21480606358484755
44.0	46.0	0.2360095689609134
44.0	47.0	0.23110418014019668
44.0	48.0	0.2700660910665517
44.0	49.0	0.09962172663110068
44.0	50.0	0.08360118447572362
45.0	1.0	0.17999951668581093
45.0	2.0	0.124593590653448
45.0	3.0	0.09342753628047809
45.0	4.0	0.0
45.0	5.0	0.23948267245747157
45.0	6.0	0.16060448981487932
45.0	7.0	0.1566004795528701
45.0	8.0	0.31641159816610775
45.0	9.0	0.0846514842435358
45.0	10.0	0.46350186913262725
45.0	11.0	0.13386426293191067
45.0	12.0	0.15246050239227865
45.0	13.0	0.129380514491932
45.0	14.0	0.23201448194906166
45.0	15.0	0.21744294741087458
45.0	16.0	0.05060849721905935
45.0	17.0	0.2607383820646852
45.0	18.0	0.045090093704856726
45.0	19.0	0.23697104799796223
45.0	20.0	0.13673336157929097
45.0	21.0	0.11651678231820098
45.0	22.0	0.07373614715391284
45.0	23.0	0.1907499335635126
45.0	24.0	0.052888874824165766
45.0	25.0	0.14839458664193916
45.0	26.0	0.1646333586321317
45.0	27.0	0.15445149418937035
45.0	28.0	0.15225016740346234
45.0	29.0	0.03882535474731879
45.0	30.0	0.1691084551354451
45.0	31.0	0.0870702954271506
45.0	32.0	0.16640048782217365
45.0	33.0	0.011313615525417927
45.0	34.0	0.12866652443381746
45.0	35.0	0.11931524876418
45.0	36.0	0.1453413510708337
45.0	37.0	0.21227705195905494
45.0	38.0	0.13386714891290097
45.0	39.0	0.33209105226262564
45.0	40.0	0.37405205715893525
45.0	41.0	0.13692323480201748
45.0	42.0	0.1812971804980402
45.0	43.0	0.34703287590581194
45.0	44.0	0.21480606358484755
45	45	0
45.0	46.0	0.1560535728905677
45.0	47.0	0.10264366668023023
45.0	48.0	0.18154939210124443
45.0	49.0	0.06358648876703926
45.0	50.0	0.06450949004031419
46.0	1.0	0.1566583070877894
46.0	2.0	0.16522530013950654
46.0	3.0	0.18391102081165414
46.0	4.0	0.0
46.0	5.0	0.18770414574886315
46.0	6.0	0.18273752534432017
46.0	7.0	0.15621176510353574
46.0	8.0	0.1722082122428408
46.0	9.0	0.09082134279923888
46.0	10.0	0.13123383140111633
46.0	11.0	0.11767500671416965
46.0	12.0	0.18523963191807938
46.0	13.0	0.14696237286236263
46.0	14.0	0.16322385814975301
46.0	15.0	0.18258805975731024
46.0	16.0	0.037871868268773555
46.0	17.0	0.13402649154977786
46.0	18.0	0.05490692138137527
46.0	19.0	0.186063851579232
46.0	20.0	0.17018167209118867
46.0	21.0	0.13689366255805577
46.0	22.0	0.09558447957731926
46.0	23.0	0.2984782146510831
46.0	24.0	0.0589661747985467
46.0	25.0	0.20114907190148237
46.0	26.0	0.1985085261843202
46.0	27.0	0.2826877861174809
46.0	28.0	0.14056917574117486
46.0	29.0	0.021924064181010665
46.0	30.0	0.16254208099478698
46.0	31.0	0.1667708282235672
46.0	32.0	0.18654698780019718
46.0	33.0	0.017753679918288495
46.0	34.0	0.14501087156500359
46.0	35.0	0.14285667040831942
46.0	36.0	0.15518716614419348
46.0	37.0	0.2043052592992725
46.0	38.0	0.16093708009688173
46.0	39.0	0.17047332878272944
46.0	40.0	0.2065728482932606
46.0	41.0	0.1505776565854991
46.0	42.0	0.1817690837063472
46.0	43.0	0.12416803060166799
46.0	44.0	0.2360095689609134
46.0	45.0	0.1560535728905677
46	46	0
46.0	47.0	0.12256353965655015
46.0	48.0	0.1988250281230414
46.0	49.0	0.08255336584332885
46.0	50.0	0.10951647805850125
47.0	1.0	0.11498603758303706
47.0	2.0	0.09179084074361984
47.0	3.0	0.0632420331694025
47.0	4.0	0.0
47.0	5.0	0.15368746371001585
47.0	6.0	0.1264221230563946
47.0	7.0	0.13854362209792506
47.0	8.0	0.13025343513961946
47.0	9.0	0.048718660699401985
47.0	10.0	0.0957085289327689
47.0	11.0	0.12286690917444437
47.0	12.0	0.10797268196535097
47.0	13.0	0.08416690853537771
47.0	14.0	0.12412681350167773
47.0	15.0	0.1466428143912559
47.0	16.0	0.03230509517042653
47.0	17.0	0.11369140244799572
47.0	18.0	0.03183769352458146
47.0	19.0	0.16160054320700049
47.0	20.0	0.13459995547606443
47.0	21.0	0.12483767677636706
47.0	22.0	0.0621831014772577
47.0	23.0	0.1574913823204555
47.0	24.0	0.02884093351873331
47.0	25.0	0.15829380747291583
47.0	26.0	0.1317486273099538
47.0	27.0	0.15175550377310526
47.0	28.0	0.11004794369605597
47.0	29.0	0.012016855302724202
47.0	30.0	0.11223269745833095
47.0	31.0	0.06302269175025976
47.0	32.0	0.12274880166154609
47.0	33.0	0.005725064651216286
47.0	34.0	0.1363618601000858
47.0	35.0	0.11352938628783256
47.0	36.0	0.12453833933676939
47.0	37.0	0.14166968955409046
47.0	38.0	0.12390312969356451
47.0	39.0	0.13237497600964773
47.0	40.0	0.14436724394925063
47.0	41.0	0.11633084374829328
47.0	42.0	0.14305454953207475
47.0	43.0	0.07877202148895605
47.0	44.0	0.23110418014019668
47.0	45.0	0.10264366668023023
47.0	46.0	0.12256353965655015
47	47	0
47.0	48.0	0.1394699156640375
47.0	49.0	0.05973664697961853
47.0	50.0	0.046841808097101915
48.0	1.0	0.16579310595844013
48.0	2.0	0.18842331328567516
48.0	3.0	0.1490815306686628
48.0	4.0	0.0
48.0	5.0	0.2175167635104665
48.0	6.0	0.2369231160892703
48.0	7.0	0.22315900558341364
48.0	8.0	0.21484089405013565
48.0	9.0	0.15221488985307824
48.0	10.0	0.1705028136189654
48.0	11.0	0.12371958895641418
48.0	12.0	0.16374615281925758
48.0	13.0	0.19198863429032784
48.0	14.0	0.19587749241180652
48.0	15.0	0.19275975875141838
48.0	16.0	0.020598015322636908
48.0	17.0	0.17382339773437352
48.0	18.0	0.01692401581214172
48.0	19.0	0.1937182997573346
48.0	20.0	0.2690449306072248
48.0	21.0	0.13719200743629825
48.0	22.0	0.07636500769467214
48.0	23.0	0.22891635714300865
48.0	24.0	0.018806295716332754
48.0	25.0	0.2990961390057926
48.0	26.0	0.2543614326754471
48.0	27.0	0.22324556684196883
48.0	28.0	0.15358112172877195
48.0	29.0	0.039020108650331585
48.0	30.0	0.16780987879363338
48.0	31.0	0.0839679452859651
48.0	32.0	0.2038039480276467
48.0	33.0	0.006765010450698881
48.0	34.0	0.15533195757508306
48.0	35.0	0.13008761247816059
48.0	36.0	0.15565318324623761
48.0	37.0	0.2331184136748339
48.0	38.0	0.14453845434725507
48.0	39.0	0.19768027525598478
48.0	40.0	0.2700581433309532
48.0	41.0	0.14203215914534914
48.0	42.0	0.173709802831884
48.0	43.0	0.1328891916773273
48.0	44.0	0.2700660910665517
48.0	45.0	0.18154939210124443
48.0	46.0	0.1988250281230414
48.0	47.0	0.1394699156640375
48	48	0
48.0	49.0	0.07996087440766651
48.0	50.0	0.08907281211492085
49.0	1.0	0.07451481553479636
49.0	2.0	0.12141294475634642
49.0	3.0	0.05380031856961202
49.0	4.0	0.0
49.0	5.0	0.10341493966800686
49.0	6.0	0.16600529941233605
49.0	7.0	0.08600112854459718
49.0	8.0	0.08327789028145235
49.0	9.0	0.06971870438696207
49.0	10.0	0.08683248245376651
49.0	11.0	0.07057622276109317
49.0	12.0	0.08077009130594466
49.0	13.0	0.10125892576491842
49.0	14.0	0.10078710414806172
49.0	15.0	0.09347840027826607
49.0	16.0	0.09741911973689153
49.0	17.0	0.06864811395395742
49.0	18.0	0.05964833343768464
49.0	19.0	0.1078440966654258
49.0	20.0	0.06303513641608069
49.0	21.0	0.05305928004413651
49.0	22.0	0.06458187893032927
49.0	23.0	0.06346652343038243
49.0	24.0	0.07287392480914234
49.0	25.0	0.08696337501541186
49.0	26.0	0.07625827769238279
49.0	27.0	0.0669184989771035
49.0	28.0	0.06921743411365217
49.0	29.0	0.03370933573757744
49.0	30.0	0.07919374910909985
49.0	31.0	0.04126193844857381
49.0	32.0	0.15018317703673334
49.0	33.0	0.023548252390099007
49.0	34.0	0.0625979651597565
49.0	35.0	0.05926197156191239
49.0	36.0	0.0708114264576391
49.0	37.0	0.0912167568313966
49.0	38.0	0.05647968669788336
49.0	39.0	0.08715301964396258
49.0	40.0	0.10365904354602212
49.0	41.0	0.06715815338855922
49.0	42.0	0.08154216515865004
49.0	43.0	0.03360614518617551
49.0	44.0	0.09962172663110068
49.0	45.0	0.06358648876703926
49.0	46.0	0.08255336584332885
49.0	47.0	0.05973664697961853
49.0	48.0	0.07996087440766651
49	49	0
49.0	50.0	0.03865865562113237
50.0	1.0	0.07004127385502038
50.0	2.0	0.0831400051985526
50.0	3.0	0.16928591925212177
50.0	4.0	0.0
50.0	5.0	0.07853037754100023
50.0	6.0	0.09445301288211641
50.0	7.0	0.07363544130708573
50.0	8.0	0.07399369873607049
50.0	9.0	0.03814098545047475
50.0	10.0	0.045963282686766825
50.0	11.0	0.04963439529707782
50.0	12.0	0.06660135118760419
50.0	13.0	0.11035024050013358
50.0	14.0	0.04328316790375273
50.0	15.0	0.07845661412661113
50.0	16.0	0.022032565388007724
50.0	17.0	0.056547744369044174
50.0	18.0	0.028418758594484294
50.0	19.0	0.06416654194022302
50.0	20.0	0.0638330415617798
50.0	21.0	0.060741937691348225
50.0	22.0	0.04343947258056477
50.0	23.0	0.08102500919536575
50.0	24.0	0.022768988506965473
50.0	25.0	0.13107935532236786
50.0	26.0	0.09903581782255541
50.0	27.0	0.09120124263170767
50.0	28.0	0.0560447382335575
50.0	29.0	0.024146015734914976
50.0	30.0	0.06923170491714074
50.0	31.0	0.10354822500496494
50.0	32.0	0.07087013853632883
50.0	33.0	0.010319559005020407
50.0	34.0	0.060385750851296785
50.0	35.0	0.0891711385231661
50.0	36.0	0.06222372281977476
50.0	37.0	0.08431366008572427
50.0	38.0	0.05329303456733672
50.0	39.0	0.0628673627568294
50.0	40.0	0.07761312032775425
50.0	41.0	0.07237236320331154
50.0	42.0	0.06929567251979718
50.0	43.0	0.11919340221965896
50.0	44.0	0.08360118447572362
50.0	45.0	0.06450949004031419
50.0	46.0	0.10951647805850125
50.0	47.0	0.046841808097101915
50.0	48.0	0.08907281211492085
50.0	49.0	0.03865865562113237
50	50	0
